rank,title,severity,surface,effort,effort_days,pxl_score,pxl_max,verified,impact,summary,problem,recommended_change,evidence,analysts_agreeing,opportunity_low,opportunity_high,opportunity_basis,sample_per_variant,test_days,detail_page
1,Missing security headers,MEDIUM,Site-Wide Security,Medium,2-5 days,6,10,yes,trust,"Six of six standard security headers are absent, weakening protection against XSS, clickjacking, and downgrade attacks.","Six of six standard security headers are absent, weakening protection against XSS, clickjacking, and downgrade attacks.",notes: Add the missing headers at the CDN or web-server layer; HSTS and X-Content-Type-Options are one-line changes.,"Measured on the live origin: missing HSTS, CSP, X-Content-Type-Options, X-Frame-Options, Referrer-Policy, Permissions-Policy.",Technical & Accessibility,0.1,0.4,"per 1,000 visitors at an assumed 2.00% baseline conversion rate and a 0.5-2.0% relative lift",1941808,,finding_1_missing_security_headers.html
2,No value proposition,HIGH,Homepage,Low,0.5-2 days,5,10,no,conversion,"The homepage fails to state what is sold or why it is better, leaving visitors without a clear reason to engage.","The homepage fails to state what is sold or why it is better, leaving visitors without a clear reason to engage.",h1: Clear statement of product/service and key benefit; cta: Specific CTA naming product or outcome; notes: Rewrite copy to mirror customer language and pain points.,This domain is for use in documentation examples without needing permission. | Avoid use in operations.,Message Clarity,0.2,1.0,"per 1,000 visitors at an assumed 2.00% baseline conversion rate and a 1.0-5.0% relative lift",315206,,finding_2_no_value_proposition.html
3,Weak page metadata,MEDIUM,Site-Wide Seo,Medium,2-5 days,5,10,yes,traffic,"Search and social previews are degraded because page title, meta description, and Open Graph tags are missing or outside recommended lengths.","Search and social previews are degraded because page title, meta description, and Open Graph tags are missing or outside recommended lengths.",notes: Write a 15-60 char title and 70-160 char description per page; add og:title and og:image for link previews.,"Measured on the homepage: title 0 chars (15-60 recommended); description 0 chars (70-160 recommended); og:title missing, og:image missing.",Technical & Accessibility,0.1,0.4,"per 1,000 visitors at an assumed 2.00% baseline conversion rate and a 0.5-2.0% relative lift",1941808,,finding_3_weak_page_metadata.html
4,Copy lacks visitor language,MEDIUM,Homepage,Low,0.5-2 days,5,10,no,conversion,"The page copy is technical and generic, not written in terms a typical visitor would use to describe their need or the solution.","The page copy is technical and generic, not written in terms a typical visitor would use to describe their need or the solution.",h1: Headline mirroring customer search phrases and pain points; cta: Specific CTA; notes: Rewrite supporting copy to be instantly recognizable.,This domain is for use in documentation examples without needing permission.,Message Clarity,0.1,0.4,"per 1,000 visitors at an assumed 2.00% baseline conversion rate and a 0.5-2.0% relative lift",1941808,,finding_4_copy_lacks_visitor_language.html
5,Single CTA gives no context,MEDIUM,Homepage,Low,0.5-2 days,5,10,no,conversion,"The only call to action, 'Learn more', provides no indication of what will be learned or why it matters, failing to reinforce any message about the offering.","The only call to action, 'Learn more', provides no indication of what will be learned or why it matters, failing to reinforce any message about the offering.",h1: Clear value proposition; cta: Specific CTA naming product or outcome; notes: Change CTA label to be specific about next step and value.,,Message Clarity,0.1,0.4,"per 1,000 visitors at an assumed 2.00% baseline conversion rate and a 0.5-2.0% relative lift",1941808,,finding_5_single_cta_gives_no_context.html
6,Missing trust signals above the fold,HIGH,Trust & Proof,Medium,2-5 days,5,10,yes,trust,"The homepage shows no sign of returns policy, guarantee, reviews, security badge, so a first-time visitor has nothing to offset purchase risk.","The homepage shows no sign of returns policy, guarantee, reviews, security badge, so a first-time visitor has nothing to offset purchase risk.","notes: Surface review counts, the returns window and a guarantee near the primary call to action.","Measured on the live homepage: no match for returns policy, guarantee, reviews, security badge.",Technical & Accessibility,0.2,1.0,"per 1,000 visitors at an assumed 2.00% baseline conversion rate and a 1.0-5.0% relative lift",315206,,finding_6_missing_trust_signals_above_the_fold.html
7,No responsive viewport,URGENT,Mobile,Medium,2-5 days,4,10,yes,conversion,"Without a viewport meta tag, mobile users see a scaled-down desktop layout, making the site unusable on mobile.","Without a viewport meta tag, mobile users see a scaled-down desktop layout, making the site unusable on mobile.","notes: Add <meta name=""viewport"" content=""width=device-width, initial-scale=1"">","Measured on the mobile render: no <meta name=""viewport""> present.",Technical & Accessibility,0.4,1.6,"per 1,000 visitors at an assumed 2.00% baseline conversion rate and a 2.0-8.0% relative lift",124891,,finding_7_no_responsive_viewport.html
8,No responsive viewport declared,URGENT,Mobile,Medium,2-5 days,4,10,yes,conversion,"Without a viewport meta tag mobile browsers render the desktop layout scaled down, making every tap target too small.","Without a viewport meta tag mobile browsers render the desktop layout scaled down, making every tap target too small.","notes: Add <meta name=""viewport"" content=""width=device-width, initial-scale=1"">","Measured on the mobile render: no <meta name=""viewport""> present.",Technical & Accessibility,0.4,1.6,"per 1,000 visitors at an assumed 2.00% baseline conversion rate and a 2.0-8.0% relative lift",124891,,finding_8_no_responsive_viewport_declared.html
9,Missing trust signals,HIGH,Trust & Proof,Medium,2-5 days,4,10,yes,trust,"The homepage shows no sign of returns policy, guarantee, reviews, or security badge, so first-time visitors have nothing to offset purchase risk.","The homepage shows no sign of returns policy, guarantee, reviews, or security badge, so first-time visitors have nothing to offset purchase risk.","notes: Surface review counts, the returns window and a guarantee near the primary call to action.","Measured on the live homepage: no match for returns policy, guarantee, reviews, security badge.",Technical & Accessibility,0.2,1.0,"per 1,000 visitors at an assumed 2.00% baseline conversion rate and a 1.0-5.0% relative lift",315206,,finding_9_missing_trust_signals.html
